ReportDate,SourceReport,Year,MonthNumber,Month,Occupancy,ADR,RevPAR,SourceImage
2026-09-28,Aruba Hotel Performance YTD 2026 August,2025,1.0,Jan,0.8590000000000001,482.67,414.54,https://tourismanalytics.com/uploads/1/2/0/4/120443739/ahata-august-26_orig.png
2026-09-28,Aruba Hotel Performance YTD 2026 August,2025,2.0,Feb,0.8640000000000001,492.77,425.63,https://tourismanalytics.com/uploads/1/2/0/4/120443739/ahata-august-26_orig.png
2026-09-28,Aruba Hotel Performance YTD 2026 August,2025,3.0,Mar,0.865,459.08,396.97,https://tourismanalytics.com/uploads/1/2/0/4/120443739/ahata-august-26_orig.png
2026-09-28,Aruba Hotel Performance YTD 2026 August,2025,4.0,Apr,0.78,406.99,317.59,https://tourismanalytics.com/uploads/1/2/0/4/120443739/ahata-august-26_orig.png
2026-09-28,Aruba Hotel Performance YTD 2026 August,2025,5.0,May,0.711,349.59,248.53,https://tourismanalytics.com/uploads/1/2/0/4/120443739/ahata-august-26_orig.png
2026-09-28,Aruba Hotel Performance YTD 2026 August,2025,6.0,Jun,0.723,355.5,257.05,https://tourismanalytics.com/uploads/1/2/0/4/120443739/ahata-august-26_orig.png
2026-09-28,Aruba Hotel Performance YTD 2026 August,2025,7.0,Jul,0.765,379.7,290.31,https://tourismanalytics.com/uploads/1/2/0/4/120443739/ahata-august-26_orig.png
2026-09-28,Aruba Hotel Performance YTD 2026 August,2025,8.0,Aug,0.738,368.53,271.96,https://tourismanalytics.com/uploads/1/2/0/4/120443739/ahata-august-26_orig.png
2026-09-28,Aruba Hotel Performance YTD 2026 August,2026,1.0,Jan,0.8140000000000001,519.26,422.91,https://tourismanalytics.com/uploads/1/2/0/4/120443739/ahata-august-26_orig.png
2026-09-28,Aruba Hotel Performance YTD 2026 August,2026,2.0,Feb,0.8959999999999999,542.95,486.27,https://tourismanalytics.com/uploads/1/2/0/4/120443739/ahata-august-26_orig.png
2026-09-28,Aruba Hotel Performance YTD 2026 August,2026,3.0,Mar,0.8640000000000001,516.42,446.25,https://tourismanalytics.com/uploads/1/2/0/4/120443739/ahata-august-26_orig.png
2026-09-28,Aruba Hotel Performance YTD 2026 August,2026,4.0,Apr,0.807,454.22,366.68,https://tourismanalytics.com/uploads/1/2/0/4/120443739/ahata-august-26_orig.png
2026-09-28,Aruba Hotel Performance YTD 2026 August,2026,5.0,May,0.7140000000000001,421.02,300.43,https://tourismanalytics.com/uploads/1/2/0/4/120443739/ahata-august-26_orig.png
2026-09-28,Aruba Hotel Performance YTD 2026 August,2026,6.0,Jun,0.708,400.03,283.42,https://tourismanalytics.com/uploads/1/2/0/4/120443739/ahata-august-26_orig.png
2026-09-28,Aruba Hotel Performance YTD 2026 August,2026,7.0,Jul,0.7559999999999999,444.82,336.18,https://tourismanalytics.com/uploads/1/2/0/4/120443739/ahata-august-26_orig.png
2026-09-28,Aruba Hotel Performance YTD 2026 August,2026,8.0,Aug,0.759,410.97,311.84,https://tourismanalytics.com/uploads/1/2/0/4/120443739/ahata-august-26_orig.png
